question,response
What is Lenden Club and how does it work?,"Hi there!  LenDenClub is India's leading peer-to-peer (P2P) lending platform.  Essentially, it connects borrowers who need personal loans directly with lenders who want to invest their money, cutting out the traditional bank.  It works by allowing borrowers to apply for loans and lenders to browse and invest in those loans based on their risk assessment and desired returns.  LenDenClub facilitates this process, ensuring transparency and competitive interest rates for both sides.  We maintain robust security, using a principle of least privilege and conducting monthly access reviews to protect user data.  Does that answer your question fully?  Let me know if you'd like more details on anything specific!"
How can I invest through the platform?,"Hi there!  Investing through the platform is easy. First, you'll need to create an account.  This requires your name, email, mobile number, PAN card details, and you'll need to complete the KYC process.  We'll verify your identity through document validation, biometric checks, and address verification.

Once your account is set up, you can then define your investment preferences. Go to Profile > Investment Preferences to set your risk tolerance, preferred loan types (if applicable), desired investment amounts, and how diversified you want your portfolio to be. Remember, minimum investment amounts vary, typically starting from INR 500 to INR 25,000 per loan, but some platforms, like LenDenClub, allow investments as low as ₹250.

To make your first investment, go to the 'Transactions' section, select 'investment', follow the steps, and confirm your details.  You can withdraw funds later by requesting a transfer to your registered bank account; this usually takes 1-3 business days.

Regarding fees,  platforms typically charge 1-2% transaction fees on loan amounts, plus potential subscription or listing fees.  It's important to consider these, as even small fees significantly impact long-term returns due to compounding.

For your overall financial health, consider diversifying your investments and your credit accounts (e.g., credit cards and installment loans).  You can also use retirement accounts strategically to help manage your taxes – contributing more to traditional accounts in higher-income years, and Roth accounts when your income is lower.

Finally, remember to choose a reputable, RBI-registered P2P platform with strong security measures, including SSL encryption and two-factor authentication, to mitigate platform risk.  We maintain a robust security framework through regular updates based on emerging threats and regulatory changes.

Let me know if you have any other questions!"
What are the eligibility criteria for getting a loan?,"Hi there!  That's a great question about loan eligibility.  To get a loan, you'll need to meet several criteria.  First, you must be an Indian resident between 18 and 60 years old.  You'll need a good credit history – most lenders prefer a score of 750 or higher for the best interest rates, but some might consider scores as low as 650.  A minimum annual income of ₹3 lakhs is also typically required.  Finally, you'll need to provide documentation proving your identity, address, income, and employment.  This might include things like ID cards, address proof, bank statements, and employment verification. While basic educational qualifications aren't strictly mandatory, good communication skills are definitely helpful. Remember, even if you don't meet all the criteria right now, you can work on improving your profile and reapply later. We recommend completing all onboarding milestones within 30 days for the best experience.  Does that clarify things for you?"
Is there any risk involved in peer-to-peer lending?,"Yes, there are risks involved in peer-to-peer (P2P) lending, although platforms like LenDenClub strive to mitigate them.  The main risks stem from the possibility of borrower default – meaning the borrower doesn't repay their loan.  This can significantly impact your returns.  Another risk is platform failure; while LenDenClub uses security measures like SSL encryption and RBI-mandated escrow mechanisms, there's always a degree of risk associated with any online platform.  Lack of diversification in your lending also increases risk; spreading your investments across multiple borrowers helps reduce the impact of individual defaults. Finally, economic downturns can increase the likelihood of defaults across the board.  While specific default rates vary by platform and borrower type, LenDenClub, and other registered platforms, typically share historical data on their performance. In the event of a default, the platform initiates collection procedures, including legal action if necessary, but the costs associated with recovery are generally borne by the lender.  To maximize your returns and minimize risk, it's crucial to diversify your investments and understand the potential for losses.  Remember that P2P lending on LenDenClub, while offering potentially higher returns than traditional banks, is not without risk."
How do I withdraw my earnings from Lenden Club?,"Hi there!  To withdraw your earnings from LenDenClub, it's a straightforward process.  First, log in to your account and navigate to the 'Withdraw Funds' section. You'll need to verify your bank account details are correct.  Then, simply enter the amount you wish to withdraw – remember the minimum is ₹100 – and confirm the transaction.  The money should reach your bank account within 2-3 business days.  There are no withdrawal fees.  If you need to check the transaction history for a specific loan, you can filter your history by loan account number to see all payments, charges, and adjustments.  Please note that any fees associated with your loans may be deducted from the loan amount itself or included in the principal, depending on the loan terms. Let me know if you have any other questions!"
What documents are needed to register as an investor?,"Hi there!  To register as an investor, we'll need you to provide some KYC (Know Your Customer) documents for verification.  We accept a variety of formats, including PDF, JPG, and PNG, but please ensure they're clear, readable, and under 5MB each.

Generally, you'll need to provide proof of identity (like your Aadhaar card, PAN card, passport, driving license, or voter ID), proof of address (utility bills or rental agreements are acceptable), and proof of income (bank statements are usually required).  Depending on the platform, you might also need to provide your bank account details and, if applicable, a GST certificate.  There's no prior investment experience needed to get started.

Finally,  minimum investment amounts vary between platforms, but they typically range from INR 500 to INR 25,000 per loan.  Let me know if you have any other questions!"
Are there any fees or charges for borrowers?,"Hi there!  Yes, there are a few different fees and charges that can apply to borrowers.  Some fees, like processing fees, can often be included in the total loan amount itself, but remember this increases the overall cost. Other fees, such as those for loan restructuring (which might include processing, legal, or administrative costs), early repayment (if applicable), and charges like GST on fees, late payment penalties, or bounced payment charges, are all possible.  All fees are clearly disclosed upfront before your loan is approved, and the specifics are detailed in your loan agreement.  It's always best to review that agreement carefully to understand exactly what charges you might encounter. Does that clarify things for you?"
Can I cancel my investment after it is made?,"That's a great question!  Whether you can cancel your investment depends on a few things.  If you're referring to withdrawing available funds, yes, you can do so anytime through your dashboard once you've completed your KYC verification. However, if you mean withdrawing *before* the investment's typical term, the rules vary. Some platforms have secondary markets allowing early withdrawals, while others may charge fees for early cancellation.  To be sure about the specific terms and any potential fees, I recommend checking the details on your platform."
What happens if a borrower defaults?,"That's a great question!  If a borrower defaults on their loan, the platform will spring into action.  They'll initiate collection procedures, sending out legal notices and potentially engaging recovery agencies to try and recoup the funds.  It's important to know that the costs associated with these recovery efforts are typically covered by the lenders.  This, of course, impacts your returns; defaults reduce your overall portfolio returns.  That's why it's always recommended to diversify your lending across multiple borrowers to help mitigate the risk of individual defaults impacting your overall investment.  We use sophisticated credit scoring models—looking at factors like payment history, debt-to-income ratios, and broader economic indicators—to try and assess the likelihood of a borrower defaulting in the first place."
Is my investment insured?,"That's a great question about insurance and investment security!  The short answer is that your investment itself isn't covered by deposit insurance like a bank account would be.  The security of your P2P investment depends on the platform's stability and the escrow arrangements they have in place [22].  However, if you're investing in a secured loan, like a home or auto loan, insurance is usually mandatory for the borrower and needs to be arranged as part of the loan acceptance process [30].  Regarding your investment amount,  minimums vary between platforms, ranging from INR 500 to INR 25,000 per loan [6].  Institutional investors can also participate, though they often have different minimums and fee structures [16].  You can customize your investment strategy, including your risk tolerance and preferred loan types, within your profile settings [56, 59].  Is there anything else I can help clarify for you?"
